peso1,bruto1,peso2,bruto2
,8522778,,8260595
,8522766,,8261072
,8522661,,8260568
,8522774,,8261823
,8522822,,8260240
,8522801,,8261311
-0.00015675659142350278,8522703,0.045308232249860164,8260761
-2.2939988988805284e-05,8522861,0.028775915444186,8261596
5.3526640973879e-05,8522794,0.004357891040826245,8261114
0.000160579922921637,8522853,0.004357891040826245,8261580
0.00027910319936379766,8522893,0.004357891040826245,8258686
0.00031733651434513976,8522811,0.042402971555976006,8259162
0.0005085030892518505,8522898,0.15301039654456594,8258770
0.0005467364042331926,8522871,0.3034613967635673,8258939
0.0006729063436716217,8522886,0.3034613967635673,8261820
0.0006729063436716217,8522739,0.3034613967635673,8260750
0.00038615648131155563,8522670,0.1781893225582287,8261565
0.00011087661344589219,8522712,0.08224654678638739,8260549
-0.0003288065088395424,8522756,0.011966907143856197,8262081
-0.0003288065088395424,8522827,0.011966907143856197,8260519
-0.0003288065088395424,8522817,0.011966907143856197,8262074
-0.00031351318284700557,8522743,0.025870654750301834,8260191
-0.00031351318284700557,8522722,-0.008992473576308127,8262069
-0.000214106563895516,8522769,-0.02517892601366275,8260783
-0.00014910992842723437,8522773,-0.010721795417905841,8261860
-0.00019116657490671072,8522762,-0.010721795417905841,8260016
-0.00019116657490671072,8522812,-0.0060180400087600505,8261792
-0.00019116657490671072,8522756,-0.0060180400087600505,8259774
-0.00019116657490671072,8522707,-0.0060180400087600505,8261884
-0.0002408698843824555,8522711,0.031058620275094984,8260247
-0.0002408698843824555,8522833,0.04932025892236687,8261528
-0.0002638098733712608,8522756,0.0023518777045728953,8260926
-0.0002638098733712608,8522758,0.05492326168914347,8260768
-0.0002561632103749924,8522787,0.05347063134220139,8260789
-0.0001567565914235028,8522782,0.06439994538109896,8260649
-0.0001567565914235028,8522731,0.05347063134220139,8261423
-0.0001567565914235028,8522789,0.06439994538109896,8260179
-0.0001567565914235028,8522687,0.06439994538109896,8261140
-4.587997797761057e-05,8541324,0.07263151734710409,8259966
-3.823331498134214e-05,8595122,0.04835183869107215,8261854
0.07085397932342326,8587917,0.08086308931310922,8259736
0.31982550315042513,8587908,0.09137736611002334,8260988
0.4979659876429926,8587937,0.0943517996775714,8260136
0.49802716094696275,8587924,0.1095006590099674,8260769
0.49802716094696275,8587852,0.1095006590099674,8259964
0.4979659876429926,8587847,0.1095006590099674,8260919
0.4977174710956139,8587850,0.1095006590099674,8259632
0.49749571786872204,8587809,0.1095006590099674,8261256
0.4974766012112314,8587814,0.12139839328015968,8259828
0.4974766012112314,8587878,0.11102246223057338,8261096
0.49736190126628743,8587820,0.08798789530049181,8260297
0.497266317978834,8587822,0.10341344612754344,8260696
0.497266317978834,8587835,0.0839758686279851,8260578
0.497266317978834,8587768,0.11157584521988466,8260119
0.49732366795130606,8587883,0.0839758686279851,8261007
0.49732366795130606,8587850,0.11157584521988466,8259805
0.49732366795130606,8587804,0.0839758686279851,8260845
0.4974307212332538,8587941,0.12388861673206039,8259273
0.4974498378907445,8587840,0.10894727602065613,8260794
0.4974498378907445,8587737,0.13066755835112345,8259657
0.49727396464183027,8587789,0.13066755835112345,8261182
0.4971439713708937,8587806,0.14090514365338191,8259653
0.49708662139842175,8587747,0.14090514365338191,8260954
0.4970789747354255,8587804,0.12361192523740476,8259907
0.4970789747354255,8604098,0.11254426545117938,8261531
0.4970789747354255,8523013,0.10956983188363131,8259950
0.4969183948125038,8522617,0.10956983188363131,8261202
0.24920092371688995,8522560,0.0735999375783988,8260470
0.00018734324340857658,8522608,0.08944052564743389,8260725
-0.0012922860463693644,8522626,0.05554581755211865,8260960
-0.0013611060133357803,8522575,0.08944052564743389,8260148
-0.0014719826267816725,8522588,0.05858942399333063,8260916
-0.0014719826267816725,8522688,0.08944052564743389,8260030
-0.0014719826267816725,8522571,0.05858942399333063,8261099
-0.0015981525662201014,8522562,0.09850217209740592,8259351
-0.001663149201688383,8522541,0.09850217209740592,8261149
-0.0017013825166697252,8522565,0.10666457118974715,8259276
-0.0017052058481678595,8522570,0.12568711144732203,8260641
-0.0017357925001529333,8522499,0.13115176846677082,8259951
-0.0017357925001529333,8522565,0.13115176846677082,8261089
-0.0018160824616137517,8522498,0.13115176846677082,8259265
-0.0019384290695540465,8522509,0.13115176846677082,8260959
-0.0020798923349850127,8522528,0.13115176846677082,8259209
-0.0020798923349850127,8522540,0.1511427289556404,8260352
-0.001961369058542852,8522561,0.19859532028908175,8259069
